Case Number,General Location,lon,lat,Nature,Date/Time Occurred,Date/Time Reported,General Location ,,
2022PU01099,Wood Street Garage,40.4221320590961,-86.9107047757926,Criminal Mischief,9/8/2022 7:59,9/8/2022 8:17,Wood Street Garage,,
2022PU01100,Cary Quadrangle,40.4329305135742,-86.9179799335975,Theft-Bike,8/27/2022 11:00,9/8/2022 10:27,Cary Quadrangle,,
2022PU01101,Honors College North,40.43119,-86.9138099999999,Theft-Bike,8/25/2022 11:52,9/8/2022 12:39,Honors College North,,
2022PU01103,CoRec,40.43119,-86.9138099999999,Theft,9/8/2022 13:00,9/8/2022 15:31,CoRec,,
2022PU01104,Earhart Hall,40.4265400513198,-86.9257599007924,Theft,9/8/2022 16:35,9/8/2022 16:42,Earhart Hall,,
2022PU01105,McCutcheon Parking Garage,40.42428465523,-86.9283048956498,Theft,9/3/2022 17:30,9/8/2022 18:05,McCutcheon Parking Garage,,
2022PU01106,Shreve Hall,40.4265400513198,-86.9257599007924,Criminal Mischief,9/8/2022 20:34,9/8/2022 21:01,Shreve Hall,,
2022PU01107,Brunner Hospital,40.43119,-86.9138099999999,Harassment,9/8/2022 16:00,9/8/2022 23:13,Brunner Hospital,,
2022PU01108,W Stadium Ave/ N University Street,40.431485,-86.916875,Theft/ Public Intoxicaton/ False Informing,9/9/2022 1:00,9/9/2022 1:42,W Stadium Ave/ N University Street,,
2022PU01109,Brunner Hospital,40.43119,-86.9138099999999,Criminal Mischief,9/8/2022 15:00,9/9/2022 2:37,Brunner Hospital,,
2022PU01053,McCutcheon Hall,40.42428465523,-86.9283048956498,Burglary,8/30/2022 15:00,9/2/2022 16:35,McCutcheon Hall,,
2022PU01090,McCutcheon Parking Garage,40.42428465523,-86.9283048956498,Theft,9/7/2022 2:40,9/7/2022 7:40,McCutcheon Parking Garage,,
2022PU01095,McCutcheon Parking Garage,40.42428465523,-86.9283048956498,Theft,9/7/2022 3:54,9/7/2022 13:22,McCutcheon Parking Garage,,
2022PU01097,Whistler Hall,40.43119,-86.9138099999999,Theft,9/1/2022 16:00,9/7/2022 15:17,Whistler Hall,,
CSA,Res Halls or University Residences,40.4469284315661,-86.9367599333342,Dating Violence,9/5/2022 14:01,9/5/2022 22:07,Res Halls or University Residences,,
CSA,Res Halls or University Residences,40.4469284315661,-86.9367599333342,Aggravated Assault,9/5/2022 14:01,9/5/2022 22:07,Res Halls or University Residences,,
2022PU01080,Tarkington Hall,40.4314200582128,-86.91988992827,Theft-Bike,9/5/2022 16:17,9/5/2022 16:43,Tarkington Hall,,
2022PU01086,McCutcheon Parking Garage,40.42428465523,-86.9283048956498,Theft,8/28/2022 12:10,9/6/2022 20:35,McCutcheon Parking Garage,,
2022PU01087,Shreve Hall,40.4265400513198,-86.9257599007924,Theft-Bike,9/1/2022 1:43,9/6/2022 21:13,Shreve Hall,,
2022PU01088,CoRec,40.43119,-86.9138099999999,Theft,9/6/2022 21:51,9/6/2022 22:08,CoRec,,
2022PU01089,Wiley Hall,40.4303800316669,-86.9215849167302,Minor Consumption,9/6/2022 23:57,9/7/2022 0:17,Wiley Hall,,
2022PU01042,Ross-Ade Stadium,40.43341,-86.9181399999999,Minor Consumption/ Resisting Law Enforcement,9/1/22 Unknown Time,9/1/22 Unknown Time,Ross-Ade Stadium,,
2022PU01044,Ross-Ade Stadium,40.43341,-86.9181399999999,Public Intoxication,9/1/2022 23:03,9/1/2022 23:03,Ross-Ade Stadium,,
2022PU01049,Recitation Building,40.43119,-86.9138099999999,Theft-Bike,9/1/2022 17:00,9/2/2022 14:38,Recitation Building,,
2022PU01054,Hillenbrand Hall,40.4265400513198,-86.9257599007924,Blackmail,9/1/2022 23:00,9/2/2022 17:18,Hillenbrand Hall,,
2022PU01055,Tarkington Hall,40.4314200582128,-86.91988992827,Theft-Bike,9/1/2022 17:00,9/2/2022 17:38,Tarkington Hall,,
2022PU01057,Wiley Hall,40.4303800316669,-86.9215849167302,Blackmail,9/2/2022 18:38,9/2/2022 18:47,Wiley Hall,,
2022PU01059,Meredith Hall,40.4263600499491,-86.9241149103847,Drug Law Violation,9/2/2022 20:48,9/2/2022 21:33,Meredith Hall,,
2022PU01060,Engineering Mall,40.43119,-86.9138099999999,Theft,9/2/2022 23:55,9/3/2022 0:21,Engineering Mall,,
2022PU01061,Stanley Coulter Hall,40.43119,-86.9138099999999,Theft,9/3/2022 0:18,9/3/2022 0:22,Stanley Coulter Hall,,
2022PU01062,Owen Hall,40.4329750269805,-86.92066990627,Minor Consumption,9/3/2022 0:07,9/3/2022 0:29,Owen Hall,,
2022PU01063,Loeb Fountain,40.4127021033061,-86.8932548817713,Theft,9/3/2022 0:20,9/3/2022 0:39,Loeb Fountain,,
2022PU01064,Ross-Ade Stadium,40.43341,-86.9181399999999,Trespassing,9/3/2022 2:46,9/3/2022 2:55,Ross-Ade Stadium,,
2022PU01065,Airport Rd/ US 231 Hwy,0,0,Operating While Intoxicated,9/3/2022 3:20,9/3/2022 4:14,Airport Rd/ US 231 Hwy,,
2022PU01067,Honors College North,40.43119,-86.9138099999999,Theft-Bike,9/1/2022 19:00,9/3/2022 9:48,Honors College North,,
2022PU01068,Hawkins Hall,40.43119,-86.9138099999999,Blackmail,9/3/2022 10:30,9/3/2022 12:29,Hawkins Hall,,
2022PU01070,First Street Towers,40.2928050469108,-81.7520449179001,Theft-Bike,9/3/2022 15:46,9/3/2022 16:01,First Street Towers,,
2022PU01071,Hillenbrand Hall,40.4265400513198,-86.9257599007924,Minor Consumption,9/4/2022 1:29,9/4/2022 1:52,Hillenbrand Hall,,
2022PU01073,McCutcheon Parking Garage,40.42428465523,-86.9283048956498,Theft,9/4/2022 21:13,9/4/2022 21:41,McCutcheon Parking Garage,,
2022PU01074,Ross-Ade Stadium,40.43341,-86.9181399999999,Trespassing,9/4/2022 23:16,9/4/2022 23:35,Ross-Ade Stadium,,
2022PU01075,Ross-Ade Stadium,40.43341,-86.9181399999999,Trespassing,9/5/2022 1:30,9/5/2022 1:40,Ross-Ade Stadium,,
2022PU01076,Wiley Hall,40.4303800316669,-86.9215849167302,Minor Consumption,9/5/2022 3:41,9/5/2022 4:03,Wiley Hall,,
2022PU01078,Cary Quadrangle,40.4329305135742,-86.9179799335975,Fraud,9/3/2022 19:30,9/5/2022 13:10,Cary Quadrangle,,
2022PU01079,Wilmeth Active Learning Center,40.43119,-86.9138099999999,Theft-Bike,9/5/2022 12:19,9/5/2022 13:31,Wilmeth Active Learning Center,,
2022PU01080,Tarkington Hall,40.4314200582128,-86.91988992827,Theft-Bike,9/5/2022 16:17,9/5/2022 16:20,Tarkington Hall,,
2022PU01081,McCutcheon Hall,40.42428465523,-86.9283048956498,Theft,9/3/2022 14:00,9/5/2022 20:40,McCutcheon Hall,,
2022PU01083,Windsor Hall,40.426270028309,-86.9202899126896,Harassment,9/5/2022 18:30,9/5/2022 23:59,Windsor Hall,,
CAD# 2022-115845,250 N McCutcheon Dr,40.42428465523,-86.9283048956498,Drug Law Violation,9/4/2022 1:58,9/4/2022 1:58,250 N McCutcheon Dr,,
CAD# 2022-115763,US HWY 231/S River Rd,0,0,Reckless Driver,9/3/2022 22:53,9/3/2022 22:53,US HWY 231/S River Rd,,
CAD# 2022-114654,Ross-Ade Stadium,40.43341,-86.9181399999999,Sexual Assault,9/1/2022 20:28,9/1/2022 20:28,Ross-Ade Stadium,,
CAD# 2022-114307,Meredith Hall,40.4263600499491,-86.9241149103847,Theft,9/1/2022 11:43,9/1/2022 11:43,Meredith Hall,,
CAD# 2022-114523,Hawkins Hall,40.43119,-86.9138099999999,Theft,9/1/2022 17:07,9/1/2022 17:07,Hawkins Hall,,
CAD# 2022-114633,Northwestern Ave/ Dodge Street,40.4290670176369,-86.9117734487278,Public Intoxication,9/1/2022 20:18,9/1/2022 20:18,Northwestern Ave/ Dodge Street,,
2022PU01035,Earhart Hall,40.4265400513198,-86.9257599007924,Drug Law Violation,9/1/2022 10:22,9/1/2022 10:52,Earhart Hall,,
2022PU01036,Harrsion Street Parking Garage,40.4251901812891,-86.8961308147003,Theft,9/1/2022 10:39,9/1/2022 10:52,Harrsion Street Parking Garage,,
2022PU01037,Stewart Center,40.2784029963218,-81.7535399792333,Theft,8/31/2022 13:20,9/1/2022 11:02,Stewart Center,,
2022PU01038,Cary Quadrangle,40.4329305135742,-86.9179799335975,Blackmail,9/1/2022 13:30,9/1/2022 14:50,Cary Quadrangle,,
2022PU01040,300 Blk Centennial Mall Dr,40.4259350455486,-86.9136946159228,Theft,9/1/2022 18:20,9/1/2022 18:29,300 Blk Centennial Mall Dr,,
2022PU01041,3rd Street/ N Martin Jischke Dr,40.428519,-86.922616,Minor Possession,9/1/2022 20:17,9/1/2022 19:13,3rd Street/ N Martin Jischke Dr,,
2022PU01043,Ross Ade Stadium,40.43341,-86.9181399999999,Public Intoxication,9/1/2022 21:16,9/1/2022 21:25,Ross Ade Stadium,,
2022PU01045,Cary Quadrangle,40.4329305135742,-86.9179799335975,Public Intoxication,9/1/2022 23:51,9/2/2022 0:31,Cary Quadrangle,,
CAD#2022-114055,Wood Street Parking Garage,40.42214,-86.9100899999999,Reckless  Driver,8/31/2022 22:24,8/31/2022 22:24,Wood Street Parking Garage,,
CAD#2022-114136,W State Street/ McCormick Rd,40.424364,-86.930676,Reckless Driver,9/1/2022 1:46,9/1/2022 1:46,W State Street/ McCormick Rd,,
CAD#2022-113762,Wiley Hall,40.4303800316669,-86.9215849167302,Theft Property,8/31/2022 13:29,8/31/2022 13:29,Wiley Hall,,
CAD#2022-113684,300 N Salisbury Street,40.4258170073972,-86.9053240245698,Theft of Bike,8/31/2022 11:13,8/31/2022 11:13,300 N Salisbury Street,,
CSA,McCutcheon Hall,40.42428465523,-86.9283048956498,Burglary,8/31/2022 15:00,9/1/2022 17:35,McCutcheon Hall,,
8 Disciplinary Referral,Hillenbrand Hall,40.4265400513198,-86.9257599007924,Liquor Law Violation,8/19/2022 0:00,8/19/2022 0:29,Hillenbrand Hall,,
9 Disciplinary Referral,Hillenbrand Hall,40.4265400513198,-86.9257599007924,Liquor Law Violation,8/19/2022 0:30,8/19/2022 1:03,Hillenbrand Hall,,
7 Disciplinary Referral,300 N Salisbury Street,40.4258170073972,-86.9053240245698,Liquor Law Violation,8/19/2022 22:45,8/19/2022 23:55,300 N Salisbury Street,,
2 Disciplinary Referral,Owen Hall,40.4329750269805,-86.92066990627,Liquor Law Violation,8/20/2022 14:30,8/20/2022 14:58,Owen Hall,,
5 Disciplinary Referral,300 N Salisbury Street,40.4258170073972,-86.9053240245698,Liquor Law Violation,8/20/2022 21:45,8/20/2022 23:06,300 N Salisbury Street,,
7 Disciplinary Referral,300 N Salisbury Street,40.4258170073972,-86.9053240245698,Liquor Law Violation,8/20/2022 22:15,8/20/2022 23:04,300 N Salisbury Street,,
3 Disciplinary Referral,250 McCutcheon Dr,40.42428465523,-86.9283048956498,Drug Law Violation,8/20/2022 22:45,8/22/2022 5:30,250 McCutcheon Dr,,
6 Disciplinary Referral,410 Steely Street,40.4193715,-86.91097025,Liquor Law Violation,8/20/2022 23:30,8/21/2022 0:24,410 Steely Street,,
5 Disciplinary Referral,300 N Salisbury Street,40.4258170073972,-86.9053240245698,Liquor Law Violation,8/21/2022 0:00,8/21/2022 2:02,300 N Salisbury Street,,
7 Disciplinary Referral,300 N Salisbury Street,40.4258170073972,-86.9053240245698,Liquor Law Violation,8/21/2022 0:15,8/21/2022 2:00,300 N Salisbury Street,,
8 Disciplinary Referral,300 N Salisbury Street,40.4258170073972,-86.9053240245698,Liquor Law Violation,8/21/2022 0:30,8/21/2022 2:08,300 N Salisbury Street,,
1 Disciplinary Referral,Windsor Halls,40.426270028309,-86.9202899126896,Liquor Law Violation,8/21/2022 1:00,8/22/2022 15:39,Windsor Halls,,
4 Disciplinary Referral,300 N Salisbury Street,40.4258170073972,-86.9053240245698,Liquor Law Violation,8/21/2022 1:30,8/21/2022 2:14,300 N Salisbury Street,,
5 Disciplinary Referral,Wiley Hall,40.4303800316669,-86.9215849167302,Liquor Law Violation,8/21/2022 22:00,8/22/2022 0:26,Wiley Hall,,
10 Disciplinary Referral,300 N Salisbury Street,40.4258170073972,-86.9053240245698,Liquor Law Violation,8/23/2022 22:45,8/24/2022 0:22,300 N Salisbury Street,,
2 Disciplinary Referral,Meredith Hall,40.4263600499491,-86.9241149103847,Liquor Law Violation,8/26/2022 23:00,8/27/2022 11:39,Meredith Hall,,
10 Disciplinary Referral,300 N Salisbury Street,40.4258170073972,-86.9053240245698,Liquor Law Violation,8/26/2022 23:30,8/27/2022 0:10,300 N Salisbury Street,,
3 Disciplinary Referral,Tarkington Hall,40.4314200582128,-86.91988992827,Liquor Law Violation,8/27/2022 23:15,8/28/2022 2:51,Tarkington Hall,,
8 Disciplinary Referral,Tarkington Hall,40.4314200582128,-86.91988992827,Liquor Law Violation,8/28/2022 0:15,8/28/2022 3:03,Tarkington Hall,,
6 Disciplinary Referral,Wiley Hall,40.4303800316669,-86.9215849167302,Liquor Law Violation,8/28/2022 1:00,8/28/2022 11:30,Wiley Hall,,
2022PU01025,Winifred Parker Hall,40.430795,-86.9075399999999,Theft-Bike,8/31/2022 3:38,8/31/2022 11:26,Winifred Parker Hall,,
2022PU01026,Hilltop Apartments,40.4579423937591,-86.9409304820246,Theft-Bike,8/31/2022 13:09,8/31/2022 13:36,Hilltop Apartments,,
2022PU01030,Young Hall,40.4227378266659,-86.9104445291666,Theft,3/3/2020 11:00,8/31/2022 16:36,Young Hall,,
2022PU01031,Physics Building,40.4300859945035,-86.9136449913092,Theft-Bike,8/30/2022 4:30,8/31/2022 17:57,Physics Building,,
2022PU01033,McCutcheon Hall,40.42428465523,-86.9283048956498,Blackmail,8/31/2022 18:59,8/31/2022 19:33,McCutcheon Hall,,
CAD#2022113500,Earhart Residence Hall,40.4265400513198,-86.9257599007924,Drug Law Violation,8/31/2022 0:09,8/31/2022 0:09,Earhart Residence Hall,,
2022PU01017,Meredith South,40.425675971,-86.9166100089999,Theft-Bike,8/30/2022 10:00,8/30/2022 10:15,Meredith South,,
2022PU01019,Tarkington Hall,40.4314200582128,-86.91988992827,Theft-Bike,8/26/2022 14:00,8/30/2022 16:45,Tarkington Hall,,
2022PU01020,Wiley Hall,40.4303800316669,-86.9215849167302,Theft-Bike,8/29/2022 18:00,8/30/2022 16:56,Wiley Hall,,
2022PU01021,Ford Dining Court,40.4321800034643,-86.9195999982392,Criminal Mischief,8/30/2022 17:09,8/30/2022 17:26,Ford Dining Court,,
2022PU01022,Heavilon Hall,40.430795,-86.9075399999999,Theft-EMPV,8/30/2022 17:35,8/30/2022 18:29,Heavilon Hall,,
CAD# 2022-112876,Earhart Hall,40.4265400513198,-86.9257599007924,Drug Law Violation,8/29/2022 22:07,8/29/2022 22:07,Earhart Hall,,
CAD# 2022-112815,Wiley Hall,40.4303800316669,-86.9215849167302,Theft,8/29/2022 20:03,8/29/2022 20:03,Wiley Hall,,
2022PU01014,Wiley Hall,40.4303800316669,-86.9215849167302,Theft-Bike,8/26/2022 16:00,8/29/2022 10:05,Wiley Hall,,
2022PU01001,Winifred Parker Hall,40.4278359983246,40.4278359983246,Theft-Bike,8/24/2022 17:30,8/26/2022 12:55,Winifred Parker Hall,,
2022PU01002,University Street Garage,40.426334,-86.916787,Hit & Run,8/26/2022 17:06,8/26/2022 17:19,University Street Garage,,
2022PU01004,Wiley Hall,40.4303800316669,-86.9215849167302,Theft-Bike,8/25/2022 17:50,8/27/2022 10:15,Wiley Hall,,
2022PU01005,Winifred Parker Hall,40.4278359983246,-86.92085602643,Fraud,8/26/2022 14:28,8/27/2022 14:51,Winifred Parker Hall,,
2022PU01006,Earhart Hall,40.4265400513198,-86.9257599007924,-86.92085602643,Theft-Bike,8/27/2022 16:28,8/27/2022 17:20,Earhart Hall,
2022PU01008,Winifred Parker Hall,,40.4278359983246,Drug Law Violation,8/27/2022 22:35,8/27/2022 23:02,Winifred Parker Hall,,
2022PU01009,Owen Hall,40.4329750269805,-86.92066990627,Minor in Consumption,8/28/2022 0:27,8/28/2022 0:53,Owen Hall,,
2022PU01010,N Martin Jischke Dr/ W Stadium Ave,0,0,Minor in Consumption,8/28/2022 0:59,8/28/2022 1:24,N Martin Jischke Dr/ W Stadium Ave,,
2022PU01011,McCutcheon Hall,40.42428465523,-86.9283048956498,Theft-Bike,8/26/2022 15:34,8/28/2022 21:02,McCutcheon Hall,,
2022PU01012,Purdue West,40.4279409816618,-86.9148700064583,Theft,8/28/2022 22:13,8/28/2022 23:29,Purdue West,,
2022PU01013,Wiley Hall,40.4303800316669,-86.9215849167302,Blackmail,8/28/2022 23:00,8/28/2022 23:44,Wiley Hall,,
CAD# 2022-110922,Earhart Hall,40.4265400513198,-86.9257599007924,Drug Law Violation,8/26/2022 0:59,8/26/2022 0:59,Earhart Hall,,
CAD# 110745,CoRec,40.43119,-86.9138099999999,Fraud,8/25/2022 17:45,8/25/2022 17:45,CoRec,,
CAD# 2022-111205,500 Blk W State Street,40.424145324249,-86.9131924393535,Reckless Driver,8/26/2022 13:49,8/26/2022 13:49,500 Blk W State Street,,
CAD# 2022-111429,1st Street/ N Russell Street,40.4315,-86.919399,Reckless Driver,8/26/2022 22:06,8/26/2022 22:06,1st Street/ N Russell Street,,
CSA,Winifred Parker Hall,40.4278359983246,-86.92085602643,Stalking,Early August 2022,8/22/2022 21:30,Winifred Parker Hall,,
2022PU00977,Owen Hall,40.4329750269805,-86.92066990627,Harassment,8/23/2022 15:01,8/23/2022 15:43,Owen Hall,,
2022PU00994,Earhart Hall,40.4265400513198,-86.9257599007924,Theft-Bike,8/14/2022 13:00,8/25/2022 13:20,Earhart Hall,,
2022PU00995,Armory,40.430795,-86.9075399999999,Theft-Bike,8/25/2022 11:30,8/25/2022 14:13,Armory,,
2022PU00996,Owen Hall,40.4329750269805,-86.92066990627,Theft-Bike,6/28/2022 15:30,8/25/2022 14:56,Owen Hall,,
2022PU00997,Purdue Menorial Union,40.4244300538787,-86.9103399230681,Theft,8/25/2022 17:30,8/25/2022 19:44,Purdue Menorial Union,,
2022PU00983,Cary Quad,40.4329305135742,-86.9179799335975,Theft-Bike,8/19/2022 21:00,8/21/2022 14:25,Cary Quad,,
2022PU00984,Sigma Kappa,40.4286327091903,-86.9192684727284,-86.9185029031754,Fraud,8/8/2022 10:00,8/24/2022 10:44,Sigma Kappa,
2022PU00987,Rawls Hall,,40.4489592187266,-86.9185029031754,Public Indecency/Trespass,8/24/2022 12:20,8/24/2022 13:15,Rawls Hall,
2022PU00988,Rawls Hall,,40.4489592187266,Trespass,8/24/2022 16:18,8/24/2022 17:08,Rawls Hall,,
2022PU00989,Wiley Hall,40.4303800316669,-86.9215849167302,Theft,8/24/2022 17:54,8/24/2022 18:07,Wiley Hall,,
2022PU00992,Earhart Hall,40.4265400513198,-86.9257599007924,-86.9264599610363,Blackmail,8/24/2022 18:00,8/24/2022 19:31,Earhart Hall,
2022PU00993,Harrison Hall,,40.4242956807326,Theft-Bike,8/20/2022 13:00,8/24/2022 20:00,Harrison Hall,,
CAD# 2022-109842,500 Blk Purdue Mall,40.4290168531198,-86.9135798160571,Drug Law Violation,8/23/2022 22:37,8/23/2022 22:37,500 Blk Purdue Mall,,
2022PU00968,Windsor Hall,40.426270028309,-86.9202899126896,Harassment,1/5/2022 15:35,8/22/2022 17:00,Windsor Hall,,
2022PU00973,McCutcheon Garage,40.42428465523,-86.9283048956498,Hit & Run,8/14/2022 15:22,8/23/2022 6:29,McCutcheon Garage,,
2022PU00974,Honors College North,40.43119,-86.9138099999999,Blackmail,8/23/2022 12:32,8/23/2022 13:01,Honors College North,,
2022PU00975,Grant Street Garage,40.4196303958798,-86.9102768464447,Hit & Run,8/17/2022 9:00,8/23/2022 14:49,Grant Street Garage,,
2022PU00979,Honors College South,40.43119,-86.9138099999999,Theft-Bike,8/23/2022 16:24,8/23/2022 16:39,Honors College South,,
2022PU00980,Cary Quadrangle,40.4329305135742,-86.9179799335975,-86.9264599610363,Theft-EMPV,8/23/2022 21:19,8/23/2022 21:37,Cary Quadrangle,
2022PU00981,Harrison Hall,,40.4242956807326,Blackmail,8/23/2022 23:30,8/24/2022 0:06,Harrison Hall,,
2022PU00982,Wiley Hall,40.4303800316669,-86.9215849167302,,-86.9194687566661,Blackmail,8/24/2022 1:03,8/24/2022 2:21,Wiley Hall
CSA,Meredith South,,40.4251698336758,Theft,8/20/2022 15:00,8/22/2022 21:25,Meredith South,,
2022PU00965,McCutcheon Hall,40.42428465523,-86.9283048956498,Theft-Bike,8/22/2022 0:00,8/22/2022 10:46,McCutcheon Hall,,
2022PU00967,PUPD,0,0,Threats,8/22/2022 9:00,8/22/2022 13:36,PUPD,,
2022PU00970,Owen Hall,40.4329750269805,-86.92066990627,Fraud,8/22/2022 20:29,8/22/2022 20:43,Owen Hall,,
2022PU00971,Physics Building,40.4300859945035,-86.9136449913092,Theft-Bike,8/22/2022 14:30,8/22/2022 21:08,Physics Building,,
CAD# 2022-108806,Beering Dr/ W Stadium Ave,0,0,Reckless Driver,8/21/2022 23:16,8/21/2022 23:16,Beering Dr/ W Stadium Ave,,
2022PU00933,Purdue Memorial Union,40.4244300538787,-86.9103399230681,Theft,8/14/2022 19:08,8/19/2022 11:21,Purdue Memorial Union,,
2022PU00934,Krach Leadership Center,40.405306,-86.8939959999999,Criminal Mischief,8/19/2022 0:00,8/19/2022 13:09,Krach Leadership Center,,
2022PU00936,Wiley Hall,40.4303800316669,-86.9215849167302,Criminal Mischief,8/19/2022 0:45,8/19/2022 17:03,Wiley Hall,,
2022PU00938,Gates Rd/ W State Street,0,0,Fondling,8/19/2022 17:29,8/19/2022 18:51,Gates Rd/ W State Street,,
2022PU00942,Purdue Memorial Union,40.4244300538787,-86.9103399230681,Theft,8/15/2022 21:38,8/20/2022 14:05,Purdue Memorial Union,,
2022PU00943,Intramural Field,0,0,Theft,8/20/2022 14:26,8/20/2022 14:33,Intramural Field,,
2022PU00944,Wiley Hall,40.4303800316669,-86.9215849167302,Theft-Bike,5/1/2022 12:00,8/20/2022 16:44,Wiley Hall,,
2022PU00946,Tarkington Hall,-86.91988992827,-86.91988992827,-86.9214306174496,Blackmail,8/20/2022 18:20,8/20/2022 18:29,Tarkington Hall,
2022PU00948,Aspire,,40.4243364328859,Drug Law Violation,8/20/2022 22:55,8/20/2022 23:32,Aspire,,
2022PU00949,McCutcheon Garage,40.42428465523,-86.9283048956498,Minor Consumption/ Drug Law Violation,8/20/2022 22:56,8/20/2022 23:37,McCutcheon Garage,,
2022PU00950,Hawkins Graduate House,40.43119,-86.9138099999999,Minor Consumption,8/20/2022 23:22,8/20/2022 23:42,Hawkins Graduate House,,
2022PU00953,Windsor Hall,40.426270028309,-86.9202899126896,Minor Consumption,8/21/2022 1:00,8/21/2022 1:28,Windsor Hall,,
2022PU00954,US HWY 231 S/W State Street,,,Operating While Intoxicated,8/21/2022 2:38,8/21/2022 3:03,US HWY 231 S/W State Street,,
2022PU00955,W State Street/N University Street,40.426334,-86.916787,Operating While Intoxicated/ Minor Consumption,8/21/2022 3:21,8/21/2022 3:21,W State Street/N University Street,,
2022PU00956,Life Science Animal Building,,,Criminal Mischief,8/19/2022 20:00,8/21/2022 9:30,Life Science Animal Building,,
2022PU00958,Cary Quadrangle,40.4329305135742,-86.9179799335975,Theft-Bike,8/20/2022 7:25,8/21/2022 14:50,Cary Quadrangle,,
2022PU00959,Hillenbrand Hall,40.4265400513198,-86.9257599007924,Theft-Bike,8/19/2022 11:00,8/21/2022 15:47,Hillenbrand Hall,,
2022PU00960,700 Blk W Stadium Ave,0,0,Driving While Suspended,8/21/2022 19:11,8/21/2022 19:52,700 Blk W Stadium Ave,,
CAD# 2022-107103,PUPD,0,0,Harassment,8/18/2022 11:27,8/18/2022 11:27,PUPD,,
CSA,Honors College,40.43119,-86.9138099999999,Larceny,8/20/2022 18:09,8/20/2022 19:18,Honors College,,
2022PU00925,Honors College North,40.43119,-86.9138099999999,Harassment,8/18/2022 15:06,8/18/2022 15:26,Honors College North,,
2022PU00926,Honors College North,40.43119,-86.9138099999999,Fraud,8/18/2022 15:22,8/18/2022 15:35,Honors College North,,
2022PU00930,800 Blk David Ross Rd,40.4346213197368,-86.9252384146403,Hit & Run,8/18/2022 21:03,8/18/2022 21:19,800 Blk David Ross Rd,,
2022PU00931,3rd Street/N Martin Jischke Dr,40.428519,-86.922616,Minor Consumption,8/18/2022 23:00,8/19/2022 3:09,3rd Street/N Martin Jischke Dr,,
2022PU00932,Mollenkopf Athletic Center,40.425675971,-86.9166100089999,Minor Consumption,8/19/2022 4:05,8/19/2022 4:44,Mollenkopf Athletic Center,,
2022PU00918,1st Street/N University Street,40.426334,-86.916787,Hit & Run,8/17/2022 10:50,8/17/2022 12:20,1st Street/N University Street,,
2022PU00919,Winifred Parker Hall,40.4278359983246,-86.92085602643,Theft-Bike,8/15/2022 14:30,8/17/2022 14:48,Winifred Parker Hall,,
2022PU00923,Wilmeth Active Learning Center,40.4259350455486,-86.9136946159228,,-86.9214306174497,Trespass,8/17/2022 22:51,8/17/2022 23:10,Wilmeth Active Learning Center
CAD# 2022-106173,Aspire,,40.4243364328859,Drug Law Violation,8/16/2022 15:38,8/16/2022 15:38,Aspire,,
CAD# 2022-106391,Purdue West,0,0,Drug Law Violation,8/17/2022 1:17,8/17/2022 1:17,Purdue West,,
2022PU00914,CoRec,40.43119,-86.9138099999999,Theft,8/16/2022 14:45,8/16/2022 17:23,CoRec,,
2022PU00915,Aspire,40.4243364328859,-86.9214306174496,Drug Law Violation,8/16/2022 23:21,8/16/2022 23:36,Aspire,,
2022PU00911,Ford Dining Court,40.4321800034643,-86.9195999982392,Theft,8/15/2022 19:37,8/15/2022 20:18,Ford Dining Court,,
CAD# 2022-105177,McCutcheon Garage,40.42428465523,-86.9283048956498,Hit & Run,8/14/2022 15:22,8/14/2022 15:22,McCutcheon Garage,,
2022PU00906,Shreve Hall,40.4265400513198,-86.9257599007924,Drug Law Violation,8/12/2022 16:47,8/12/2022 17:06,Shreve Hall,,
2022PU00908,Windsor Halls,40.426270028309,-86.9202899126896,Harassment,8/14/2022 15:22,8/14/2022 15:58,Windsor Halls,,
CAD# 2022-104268,S River Rd/ US HWY 231,0,0,Reckless Driver,8/12/2022 22:48,8/12/2022 22:48,S River Rd/ US HWY 231,,
2022PU00893,Wetherill Lab,40.4265220092733,-86.9125850158336,Public Indecency,8/10/2022 20:21,8/10/2022 20:21,Wetherill Lab,,
2022PU00894,Northwestern Parking Garage,0,0,Criminal Mischief,8/11/2022 7:40,8/11/2022 7:53,Northwestern Parking Garage,,
2022PU00895,N Russell Street/ W Stadium Ave,40.4315,-86.919399,Driving While Suspended,8/11/2022 14:40,8/11/2022 15:12,N Russell Street/ W Stadium Ave,,
2022PU00900,Honors College North,40.43119,-86.9138099999999,Drug Law Violation,8/11/2022 20:33,8/11/2022 20:08,Honors College North,,
2022PU00901,CoRec,40.43119,-86.9138099999999,Theft,8/11/2022 20:17,8/11/2022 20:39,CoRec,,
2022PU00902,5th Street/ N University Street,40.429334,-86.916814,Drug Law Violation,8/11/2022 21:36,8/11/2022 22:00,5th Street/ N University Street,,
CAD# 2022-103613,N Grant Street/Northwestern Ave,40.427991,-86.910434,Reckless Driver,8/10/2022 21:10,8/10/2022 21:10,N Grant Street/Northwestern Ave,,
2022PU00892,North University Street & 4th Street,0,0,-86.9264599610363,Drug Law Violation/Driving While Suspended,8/10/2022 8:45,8/10/2022 9:19,North University Street & 4th Street,
2022PU00888,Harrison Hall,,40.4242956807326,Harassment,5/27/2022 8:00,8/8/2022 15:35,Harrison Hall,,
2022PU00891,Provenance Apartments,40.424141,-86.938821,Theft,8/4/2022 9:52,8/9/2022 17:29,Provenance Apartments,,
2022PU00886,1100 Blk 3rd Street,40.430795,-86.9075399999999,Rape,7/28/2022 9:56,8/8/2022 10:00,1100 Blk 3rd Street,,
2022PU00887,Stewart Center,40.2784029963218,-81.7535399792333,Theft-EMPV,8/8/2022 16:16,8/8/2022 16:30,Stewart Center,,
2022PU00879,Materials Science and Electrical Engineering,40.4293299887465,-86.9126469580981,Trespass,8/5/2022 7:50,8/5/2022 8:17,Materials Science and Electrical Engineering,,
2022PU00883,Shreve Hall,40.4265400513198,-86.9257599007924,Theft-Bike,7/23/2022 18:00,8/6/2022 14:40,Shreve Hall,,
2022PU00884,1300 Blk Cherry Ln,40.439955,-86.926859,-86.9264599610363,Drug Law Violation,8/7/2022 0:47,8/7/2022 1:32,1300 Blk Cherry Ln,
CSA,Harrison Hall,,40.4242956807326,Harassment,8/7/2022 18:30,8/7/2022 19:00,Harrison Hall,,
CAD# 2022-100881,500 Blk Northwestern Ave,40.427991,-86.910434,Reckless Driver,8/5/2022 3:45,8/5/2022 3:45,500 Blk Northwestern Ave,,
2022PU00871,Pickett Park,40.430795,-86.9075399999999,-86.9264599610363,Damaged Property,8/3/2000 0:00,8/3/2022 7:00,Pickett Park,
2022PU00872,Harrison Hall,,40.4242956807326,Harassment,8/2/2022 23:00,8/3/2022 19:48,Harrison Hall,,
2022PU00859,Stewart Center,40.2784029963218,-81.7535399792333,Harassment,7/29/2022 14:14,7/29/2022 14:36,Stewart Center,,
2022PU00866,Hi-Vine Apartments,40.4260972202148,-86.9080204916423,Drug Law Violation,8/2/2022 12:07,8/2/2022 12:16,Hi-Vine Apartments,,
2022PU00867,CoRec,40.43119,-86.9138099999999,Theft,8/2/2022 20:25,8/2/2022 20:33,CoRec,,
2022PU00870,US 231/ Ahlers Dr,0,0,Drug Law Violation,8/3/2022 1:44,8/3/2022 2:12,US 231/ Ahlers Dr,,
CAD# 2022-099601,1010 David Ross Rd,40.4346213197368,-86.9252384146403,Burglary,8/2/2022 12:08,8/2/2022 12:08,1010 David Ross Rd,,
2022PU00862,Hillenbrand Hall,40.4265400513198,-86.9257599007924,Theft-Bike,7/29/2022 17:30,8/1/2022 10:30,Hillenbrand Hall,,
2022PU00863,Material Sciences and Electrical Engineering,40.4293299887465,-86.9126469580981,Voyeurism,8/1/2022 12:23,8/1/2022 14:01,Material Sciences and Electrical Engineering,,
12 Disciplinary Referral,Hillenbrand Hall,40.4265400513198,-86.9257599007924,Liquor Law Violation,7/30/2022 3:00,7/30/2022 4:18,Hillenbrand Hall,,
2022PU00858,Frieda Parker Hall,40.428434,-86.919266,Theft,7/29/2022 12:45,7/29/2022 13:10,Frieda Parker Hall,,
2022PU00860,McCutcheon Parking Garage,40.42428465523,-86.9283048956498,Minor Possession,7/30/2022 0:24,7/30/2022 1:00,McCutcheon Parking Garage,,
2022PU00861,CoRec,40.43119,-86.9138099999999,Fondling,7/30/2022 13:50,7/30/2022 14:47,CoRec,,
2022PU00855,Winifred Parker Hall,40.4278359983246,-86.92085602643,Intimidation,7/24/2022 18:00,7/26/2022 16:56,Winifred Parker Hall,,
2022PU00856,"West State Street, Marsteller Street",40.4236149598297,-86.9137474833936,Drug Law Violation,7/28/2022 3:22,7/28/2022 4:02,"West State Street, Marsteller Street",,
2022PU00854,Earhart Hall,40.4265400513198,-86.9257599007924,Battery (Simple),7/25/2022 19:00,7/25/2022 20:55,Earhart Hall,,
2022PU00838,Mechanical Engineering,40.43119,-86.9138099999999,Fondling,7/15/2022 14:00,7/22/2022 8:41,Mechanical Engineering,,
2022PU00841,Honors College North,40.43119,-86.9138099999999,Theft-EMPV,7/22/2022 20:00,7/22/2022 21:44,Honors College North,,
2022PU00842,Ross-Ade Stadium,40.43341,-86.9181399999999,Trespassing,7/23/2022 1:41,7/23/2022 1:53,Ross-Ade Stadium,,
2022PU00844,Ross-Ade Stadium,40.43341,-86.9181399999999,Trespassing,7/23/2022 3:27,7/23/2022 3:40,Ross-Ade Stadium,,
2022PU00846,1022 1st Street West Lafayette,40.4255000038191,-86.9188459622295,Criminal Mischief/Battery,7/23/2022 15:45,7/23/2022 16:32,1022 1st Street West Lafayette,,
2022PU00847,400 Blk N Mccutcheon Dr,40.4249783257457,-86.9289397234139,Statutory Rape,7/21/2022 17:33,7/23/2022 17:58,400 Blk N Mccutcheon Dr,,
CAD# 2022-094106,Northwestern/W Stadium Ave,40.431356,-86.913834,Reckless Driver,7/21/2022 16:04,7/21/2022 16:04,Northwestern/W Stadium Ave,,
CAD# 2022-094324,Griffin Hall,40.428434,-86.919266,Drug Law Violation,7/22/2022 1:01,7/22/2022 1:01,Griffin Hall,,
CAD# 2022-094345,201 Waldron Street,40.426356,-86.918029,Burglary,7/22/2022 2:58,7/22/2022 2:58,201 Waldron Street,,
2022PU00833,Hansen Life Sciences Research Building,40.430795,-86.9075399999999,Dating Violence,7/20/2022 13:52,7/20/2022 14:25,Hansen Life Sciences Research Building,,
2022PU00828,Earhart Hall,40.4265400513198,-86.9257599007924,-86.9264599610363,Hit & Run,7/18/2022 5:30,7/19/2022 9:35,Earhart Hall,
2022PU00829,Harrison Street Garage,,40.4242956807326,Criminal Mischief,7/19/2022 14:00,7/19/2022 15:44,Harrison Street Garage,,
2022PU00830,Physics Building,40.4300859945035,-86.9136449913092,Theft-Bike,7/19/2022 18:30,7/19/2022 18:39,Physics Building,,
2022PU00831,Frieda Parker Hall,40.428434,-86.919266,Drug Law Violation,7/19/2022 18:24,7/19/2022 19:08,Frieda Parker Hall,,
2022PU00832,"2nd Street, Waldron Street",40.424288,-86.917805,Criminal Mischief,7/19/2022 21:09,7/19/2022 21:47,"2nd Street, Waldron Street",,
CAD# 2022-092972,Crosswalk Commons,40.4346610048947,-86.9234710125827,-86.9264599610363,Trespassing,7/19/2022 10:40,7/19/2022 10:40,Crosswalk Commons,
2022PU00824,Harrison Street Garage,,40.4242956807326,Fondling,7/4/2022 21:00,7/18/2022 13:17,Harrison Street Garage,,
2022PU00825,Hawkins Hall,40.43119,-86.9138099999999,Theft-EMPV,7/17/2022 19:00,7/18/2022 13:24,Hawkins Hall,,
2022PU00827,Flex Lab,40.4236786060862,-86.9231864178781,Theft,7/17/2022 18:00,7/18/2022 19:59,Flex Lab,,
CAD# 2022-092810,W State Street/ US 231,0,0,Reckless Driver,7/18/2022 23:02,7/18/2022 23:02,W State Street/ US 231,,
2022PU00817,Beering Hall,40.4347201970357,-86.9197899321652,Theft-Bike,7/14/2022 14:40,7/15/2022 14:19,Beering Hall,,
2022PU00818,CoRec,40.43119,-86.9138099999999,-86.9264599610363,Theft,7/13/2022 19:30,7/15/2022 14:44,CoRec,
2022PU00819,Harrison Hall,,40.4242956807326,Harassment,7/8/2022 21:00,7/16/2022 14:00,Harrison Hall,,
2022PU00820,Hawkins Hall,40.43119,-86.9138099999999,Criminal Mischief,7/17/2022 0:39,7/17/2022 0:39,Hawkins Hall,,
2022PU00821,100 Blk N Russell,40.4257439720142,-86.9190395421868,Rape/ Dating Violence,9/1/2016 13:36,7/17/2022 15:31,100 Blk N Russell,,
2022PU00822,CoRec,40.43119,-86.9138099999999,Hit & Run,7/17/2022 17:59,7/17/2022 18:00,CoRec,,
2022PU00823,Beering Hall,40.4347201970357,-86.9197899321652,,Criminal Mischief,7/17/2022 19:25,7/17/2022 19:48,Beering Hall,
CSA,Harrison Hall,,40.4242956807326,Harassment,7/9/22 Unknown Time,7/14/2022 8:00,Harrison Hall,,
2022PU00807,Cherry Ln/ John R. Wooden Dr,0,0,Drug Law Violation,7/13/2022 2:23,7/13/2022 3:16,Cherry Ln/ John R. Wooden Dr,,
2022PU00803,Honors College North,40.43119,-86.9138099999999,Simple Assault,7/11/2022 10:38,7/11/2022 11:40,Honors College North,,
2022PU00804,Honors College North,40.43119,-86.9138099999999,Drug Law Violation,7/11/2022 10:48,7/11/2022 12:32,Honors College North,,
2022PU00795,Physical Facilities,40.43119,-86.9138099999999,Fraud,7/8/2022 15:02,7/8/2022 15:04,Physical Facilities,,
2022PU00796,Hillenbrand Hall,40.4265400513198,-86.9257599007924,Theft,7/7/2022 15:00,7/8/2022 15:28,Hillenbrand Hall,,
2022PU00800,W State Street/ N Russell Street,0,0,Operating While Intoxicated/ Driving While Suspended,7/10/2022 0:02,7/10/2022 1:04,W State Street/ N Russell Street,,
2022PU00801,Bindley Bioscience Center,40.4243357281879,-86.9213951006711,Theft-Bike,7/10/2022 17:30,7/10/2022 22:46,Bindley Bioscience Center,,
2022PU00793,Hawkins Hall,40.43119,-86.9138099999999,Theft-Bike,7/5/2022 16:30,7/6/2022 17:11,Hawkins Hall,,
2022PU00794,US HWY 231/W State Street,0,0,Drug Law Violation,7/7/2022 13:01,7/7/2022 13:21,US HWY 231/W State Street,,
2022PU00791,1100 Blk W Stadium Ave,40.4314919116137,-86.9204931410064,Theft,7/5/2022 22:00,7/6/2022 10:24,1100 Blk W Stadium Ave,,
CAD# 2022-086303,Grant Street/ W State Street,0,0,Reckless Driver,7/4/2022 22:43,7/4/2022 22:43,Grant Street/ W State Street,,
2022PU00784,Wood Street Garage,40.4221320590961,-86.9107047757926,Criminal Mischief,7/3/2022 16:50,7/3/2022 17:07,Wood Street Garage,,
2022PU00785,Waldron Street/ 5th Street,0,0,Resisting Law Enforcement/ Public Intoxication/ Residential Entry,7/4/2022 1:04,7/4/2022 1:24,Waldron Street/ 5th Street,,
2022PU00786,Hawkins Garage,40.43119,-86.9138099999999,Criminal Mischief,7/4/2022 2:38,7/4/2022 2:39,Hawkins Garage,,
2022-083806,200 Blk Hasley Dr,40.4199873572195,-86.9297403765918,Hit & Run,6/29/2022 14:31,6/29/2022 14:31,200 Blk Hasley Dr,,
2022PU00780,Wilmeth Active Learning Center,40.4259350455486,-86.9136946159228,Theft-Bike,6/29/2022 23:49,6/30/2022 0:03,Wilmeth Active Learning Center,,
CAD# 2022-083314,Chaney-Hale Hall,40.430795,-86.9075399999999,Theft-Bike,6/28/2022 11:14,6/28/2022 11:14,Chaney-Hale Hall,,
CAD# 2022-083632,US HWY 231/S River Rd,0,0,Reckless Driver,6/29/2022 6:47,6/29/2022 6:47,US HWY 231/S River Rd,,
2022PU00778,"Northwestern Ave, West Stadium Ave",40.4315057158966,-86.9238288447148,Driving While Suspended,6/28/2022 22:46,6/28/2022 23:42,"Northwestern Ave, West Stadium Ave",,
2022PU00779,Krannert,40.43119,-86.9138099999999,Criminal Mischief/ Theft,6/29/2022 1:26,6/29/2022 1:29,Krannert,,
2022PU00772,CoRec Parking Lot,40.43119,-86.9138099999999,Hit & Run,6/24/2022 20:03,6/24/2022 20:18,CoRec Parking Lot,,
2022PU00774,Northwestern Ave/ Dodge Street,40.4290670176369,-86.9117734487278,Drug Law Violation,6/25/2022 22:45,6/25/2022 22:45,Northwestern Ave/ Dodge Street,,
2022PU00775,1000 Blk W Stadium Dr,40.4314919116137,-86.9204931410064,Intimidation,6/26/2022 0:55,6/26/2022 1:17,1000 Blk W Stadium Dr,,
2022PU00777,W State Street/ Provenance Blvd.,40.424293,-86.933941,Operating While Intoxicated,6/27/2022 1:05,6/27/2022 1:40,W State Street/ Provenance Blvd.,,
